{"PIXEL_TO_DEGREES_RATIO": 6.25, "IMAGE_WIDTH": 320, "IMAGE_HEIGHT": 240, "CAMERA_MATRIX": [[676.89754647, 0.0, 321.02857627], [0.0, 675.87782307, 242.78043906], [0.0, 0.0, 1.0]], "DIST_COEFS": [0.124045728, -0.843313568, -0.000688290997, 0.00284287667, 1.26710943], "MAX_HSV": [37, 255, 255], "MIN_HSV": [16, 148, 87], "FOCAL_LENGTH": 320, "BALL_WIDTH": 18, "MIN_GREY": 20, "MAX_GREY": 80}